,Binaria,Ordinal,rpb
1,Analg.e9.sicos,Se_SP_haquantosanos,0.333579672
2,Analg.e9.sicos,QtCirColuna,0.248048683
3,Analg.e9.sicos,Trabalho_Cansativo,0.038979739
4,Analg.e9.sicos,Licenca_Tempo,-0.195655051
5,Analg.e9.sicos,Tempo_dor_costas,0.633733198
6,Analg.e9.sicos,Tempo_dor_pernas,0.429791309
7,Analg.e9.sicos,Andar_velocidade,-0.4849654
8,Analg.e9.sicos,Dor_costas_VAS,0.571458484
9,Analg.e9.sicos,Dor_pernas_VAS,0.330692277
10,Analg.e9.sicos,IDADE,0.015952593
11,Analg.e9.sicos,BPI_3_v1,0.226977279
12,Analg.e9.sicos,BPI_4_v1,0.182608027
13,Analg.e9.sicos,BPI_5_v1,0.231807663
14,Analg.e9.sicos,BPI_6_v1,0.525358816
15,Analg.e9.sicos,BPI_8_v1,0.009132514
16,Analg.e9.sicos,BPI_9a_v1,0.171246325
17,Analg.e9.sicos,BPI_9b_v1,0.191253899
18,Analg.e9.sicos,BPI_9c_v1,0.119196306
19,Analg.e9.sicos,BPI_9d_v1,0.191385569
20,Analg.e9.sicos,BPI_9e_v1,0.199562097
21,Analg.e9.sicos,BPI_9f_v1,0.140074261
22,Analg.e9.sicos,BPI_9g_v1,0.198742023
23,Aposentado,Se_SP_haquantosanos,0.131688154
24,Aposentado,QtCirColuna,0.191117237
25,Aposentado,Trabalho_Cansativo,-0.505101728
26,Aposentado,Licenca_Tempo,-0.500007353
27,Aposentado,Tempo_dor_costas,0.010016315
28,Aposentado,Tempo_dor_pernas,-0.109308173
29,Aposentado,Andar_velocidade,-0.214881235
30,Aposentado,Dor_costas_VAS,0.121355022
31,Aposentado,Dor_pernas_VAS,0.092038785
32,Aposentado,IDADE,0.585949993
33,Aposentado,BPI_3_v1,0.002222426
34,Aposentado,BPI_4_v1,-0.05721752
35,Aposentado,BPI_5_v1,0.005164591
36,Aposentado,BPI_6_v1,-0.021667005
37,Aposentado,BPI_8_v1,-0.212835752
38,Aposentado,BPI_9a_v1,0.008913511
39,Aposentado,BPI_9b_v1,-0.029408572
40,Aposentado,BPI_9c_v1,-0.014936116
41,Aposentado,BPI_9d_v1,0.038314947
42,Aposentado,BPI_9e_v1,-0.056716389
43,Aposentado,BPI_9f_v1,0.066151882
44,Aposentado,BPI_9g_v1,0.069228995
45,Aposentado_Invalidez,Se_SP_haquantosanos,NA
46,Aposentado_Invalidez,QtCirColuna,0.668878111
47,Aposentado_Invalidez,Trabalho_Cansativo,-0.100674936
48,Aposentado_Invalidez,Licenca_Tempo,0.9999
49,Aposentado_Invalidez,Tempo_dor_costas,0.188155177
50,Aposentado_Invalidez,Tempo_dor_pernas,0.197177631
51,Aposentado_Invalidez,Andar_velocidade,-0.408420075
52,Aposentado_Invalidez,Dor_costas_VAS,0.142550183
53,Aposentado_Invalidez,Dor_pernas_VAS,0.663110193
54,Aposentado_Invalidez,IDADE,0.017985775
55,Aposentado_Invalidez,BPI_3_v1,0.299367553
56,Aposentado_Invalidez,BPI_4_v1,0.176660162
57,Aposentado_Invalidez,BPI_5_v1,0.269372322
58,Aposentado_Invalidez,BPI_6_v1,0.087008984
59,Aposentado_Invalidez,BPI_8_v1,0.06746481
60,Aposentado_Invalidez,BPI_9a_v1,0.26554704
61,Aposentado_Invalidez,BPI_9b_v1,0.170179748
62,Aposentado_Invalidez,BPI_9c_v1,0.363343673
63,Aposentado_Invalidez,BPI_9d_v1,0.298199231
64,Aposentado_Invalidez,BPI_9e_v1,0.215412138
65,Aposentado_Invalidez,BPI_9f_v1,0.276872815
66,Aposentado_Invalidez,BPI_9g_v1,0.189504678
67,Casado_Amasiado,Se_SP_haquantosanos,0.269210774
68,Casado_Amasiado,QtCirColuna,-0.119622922
69,Casado_Amasiado,Trabalho_Cansativo,0.283597579
70,Casado_Amasiado,Licenca_Tempo,-0.861889028
71,Casado_Amasiado,Tempo_dor_costas,0.107757636
72,Casado_Amasiado,Tempo_dor_pernas,0.114238196
73,Casado_Amasiado,Andar_velocidade,-0.039784817
74,Casado_Amasiado,Dor_costas_VAS,0.031008542
75,Casado_Amasiado,Dor_pernas_VAS,-0.107207059
76,Casado_Amasiado,IDADE,-0.352753121
77,Casado_Amasiado,BPI_3_v1,0.015836047
78,Casado_Amasiado,BPI_4_v1,0.030795802
79,Casado_Amasiado,BPI_5_v1,-0.024858945
80,Casado_Amasiado,BPI_6_v1,0.091934177
81,Casado_Amasiado,BPI_8_v1,0.047294404
82,Casado_Amasiado,BPI_9a_v1,-0.158991105
83,Casado_Amasiado,BPI_9b_v1,-0.130027057
84,Casado_Amasiado,BPI_9c_v1,-0.19828218
85,Casado_Amasiado,BPI_9d_v1,-0.122480964
86,Casado_Amasiado,BPI_9e_v1,-0.131608556
87,Casado_Amasiado,BPI_9f_v1,-0.204203117
88,Casado_Amasiado,BPI_9g_v1,-0.162265154
89,Cirurgia_coluna,Se_SP_haquantosanos,-0.613130017
90,Cirurgia_coluna,QtCirColuna,0.863549538
91,Cirurgia_coluna,Trabalho_Cansativo,-0.127410225
92,Cirurgia_coluna,Licenca_Tempo,-0.9999
93,Cirurgia_coluna,Tempo_dor_costas,0.059972239
94,Cirurgia_coluna,Tempo_dor_pernas,0.1169728
95,Cirurgia_coluna,Andar_velocidade,0.06046136
96,Cirurgia_coluna,Dor_costas_VAS,-0.023048389
97,Cirurgia_coluna,Dor_pernas_VAS,0.254094569
98,Cirurgia_coluna,IDADE,0.02936691
99,Cirurgia_coluna,BPI_3_v1,-0.015635141
100,Cirurgia_coluna,BPI_4_v1,0.033185916
101,Cirurgia_coluna,BPI_5_v1,-0.016648381
102,Cirurgia_coluna,BPI_6_v1,-0.099782781
103,Cirurgia_coluna,BPI_8_v1,0.036897605
104,Cirurgia_coluna,BPI_9a_v1,0.05554619
105,Cirurgia_coluna,BPI_9b_v1,0.052602552
106,Cirurgia_coluna,BPI_9c_v1,0.041306289
107,Cirurgia_coluna,BPI_9d_v1,0.033119725
108,Cirurgia_coluna,BPI_9e_v1,0.030005049
109,Cirurgia_coluna,BPI_9f_v1,-0.018086536
110,Cirurgia_coluna,BPI_9g_v1,0.02684041
111,D1,Se_SP_haquantosanos,NA
112,D1,QtCirColuna,NA
113,D1,Trabalho_Cansativo,0.417298589
114,D1,Licenca_Tempo,NA
115,D1,Tempo_dor_costas,0.362036041
116,D1,Tempo_dor_pernas,-0.376736483
117,D1,Andar_velocidade,-0.441280273
118,D1,Dor_costas_VAS,0.389315962
119,D1,Dor_pernas_VAS,-0.291130992
120,D1,IDADE,0.217809577
121,D1,BPI_3_v1,0.355392112
122,D1,BPI_4_v1,0.30201409
123,D1,BPI_5_v1,0.218231809
124,D1,BPI_6_v1,0.402852226
125,D1,BPI_8_v1,-0.45824766
126,D1,BPI_9a_v1,0.4103748
127,D1,BPI_9b_v1,0.512377844
128,D1,BPI_9c_v1,0.544174585
129,D1,BPI_9d_v1,0.612165027
130,D1,BPI_9e_v1,0.371306504
131,D1,BPI_9f_v1,0.639106325
132,D1,BPI_9g_v1,0.596794068
133,D15,Se_SP_haquantosanos,-0.537046969
134,D15,QtCirColuna,0.473694192
135,D15,Trabalho_Cansativo,-0.173126801
136,D15,Licenca_Tempo,NA
137,D15,Tempo_dor_costas,-0.029963864
138,D15,Tempo_dor_pernas,0.186422216
139,D15,Andar_velocidade,0.140878209
140,D15,Dor_costas_VAS,0.040196684
141,D15,Dor_pernas_VAS,0.42491217
142,D15,IDADE,-0.061299495
143,D15,BPI_3_v1,0.27439266
144,D15,BPI_4_v1,0.186598816
145,D15,BPI_5_v1,0.20762228
146,D15,BPI_6_v1,-0.013878288
147,D15,BPI_8_v1,0.208795422
148,D15,BPI_9a_v1,0.391731452
149,D15,BPI_9b_v1,0.437310728
150,D15,BPI_9c_v1,0.308279483
151,D15,BPI_9d_v1,0.233232098
152,D15,BPI_9e_v1,0.445405165
153,D15,BPI_9f_v1,0.329357492
154,D15,BPI_9g_v1,0.106529975
155,D16,Se_SP_haquantosanos,0.405815068
156,D16,QtCirColuna,0.405479914
157,D16,Trabalho_Cansativo,-0.158103787
158,D16,Licenca_Tempo,-0.395458746
159,D16,Tempo_dor_costas,0.29683261
160,D16,Tempo_dor_pernas,0.31023494
161,D16,Andar_velocidade,-0.246223749
162,D16,Dor_costas_VAS,0.359307016
163,D16,Dor_pernas_VAS,0.580728281
164,D16,IDADE,0.198751234
165,D16,BPI_3_v1,0.407906976
166,D16,BPI_4_v1,0.404718236
167,D16,BPI_5_v1,0.519744115
168,D16,BPI_6_v1,0.386874384
169,D16,BPI_8_v1,-0.084307593
170,D16,BPI_9a_v1,0.269019885
171,D16,BPI_9b_v1,0.29652211
172,D16,BPI_9c_v1,0.266384292
173,D16,BPI_9d_v1,0.27697027
174,D16,BPI_9e_v1,0.332316537
175,D16,BPI_9f_v1,0.270887395
176,D16,BPI_9g_v1,0.320036113
177,D17,Se_SP_haquantosanos,-0.47487842
178,D17,QtCirColuna,-0.208902754
179,D17,Trabalho_Cansativo,0.170855046
180,D17,Licenca_Tempo,NA
181,D17,Tempo_dor_costas,-0.036911653
182,D17,Tempo_dor_pernas,-0.209108048
183,D17,Andar_velocidade,0.085730668
184,D17,Dor_costas_VAS,0.254572103
185,D17,Dor_pernas_VAS,-0.020067848
186,D17,IDADE,0.113981941
187,D17,BPI_3_v1,0.278063029
188,D17,BPI_4_v1,0.178905436
189,D17,BPI_5_v1,0.04660184
190,D17,BPI_6_v1,-0.012994424
191,D17,BPI_8_v1,-0.05314374
192,D17,BPI_9a_v1,0.473033197
193,D17,BPI_9b_v1,0.50579645
194,D17,BPI_9c_v1,0.396995479
195,D17,BPI_9d_v1,0.32668908
196,D17,BPI_9e_v1,0.420459091
197,D17,BPI_9f_v1,0.301272631
198,D17,BPI_9g_v1,0.245943957
199,D18,Se_SP_haquantosanos,-0.537018436
200,D18,QtCirColuna,-0.188837826
201,D18,Trabalho_Cansativo,0.033290648
202,D18,Licenca_Tempo,-0.332185347
203,D18,Tempo_dor_costas,0.01763589
204,D18,Tempo_dor_pernas,-0.340026448
205,D18,Andar_velocidade,0.026442499
206,D18,Dor_costas_VAS,0.24479155
207,D18,Dor_pernas_VAS,-0.147569828
208,D18,IDADE,-0.035864359
209,D18,BPI_3_v1,0.257316069
210,D18,BPI_4_v1,0.096041304
211,D18,BPI_5_v1,0.103362026
212,D18,BPI_6_v1,0.154572692
213,D18,BPI_8_v1,-0.112965195
214,D18,BPI_9a_v1,0.361895927
215,D18,BPI_9b_v1,0.392697565
216,D18,BPI_9c_v1,0.238030786
217,D18,BPI_9d_v1,0.421127564
218,D18,BPI_9e_v1,0.300770884
219,D18,BPI_9f_v1,0.294392967
220,D18,BPI_9g_v1,0.229059857
221,D19,Se_SP_haquantosanos,NA
222,D19,QtCirColuna,0.123572398
223,D19,Trabalho_Cansativo,0.018616774
224,D19,Licenca_Tempo,-0.332185347
225,D19,Tempo_dor_costas,0.064620863
226,D19,Tempo_dor_pernas,-0.059429901
227,D19,Andar_velocidade,0.01766947
228,D19,Dor_costas_VAS,0.284236634
229,D19,Dor_pernas_VAS,-0.032893519
230,D19,IDADE,-0.009163327
231,D19,BPI_3_v1,0.142957295
232,D19,BPI_4_v1,0.253229232
233,D19,BPI_5_v1,0.141847542
234,D19,BPI_6_v1,0.185908061
235,D19,BPI_8_v1,-0.149930171
236,D19,BPI_9a_v1,0.281651044
237,D19,BPI_9b_v1,0.142507446
238,D19,BPI_9c_v1,0.25217554
239,D19,BPI_9d_v1,0.323752743
240,D19,BPI_9e_v1,0.250626001
241,D19,BPI_9f_v1,0.403546245
242,D19,BPI_9g_v1,0.145601141
243,D2,Se_SP_haquantosanos,-0.474959492
244,D2,QtCirColuna,-0.241910258
245,D2,Trabalho_Cansativo,0.04841207
246,D2,Licenca_Tempo,NA
247,D2,Tempo_dor_costas,0.07864825
248,D2,Tempo_dor_pernas,0.028439814
249,D2,Andar_velocidade,0.105345127
250,D2,Dor_costas_VAS,0.268962142
251,D2,Dor_pernas_VAS,0.091300074
252,D2,IDADE,0.11488172
253,D2,BPI_3_v1,0.342645286
254,D2,BPI_4_v1,0.220524631
255,D2,BPI_5_v1,0.24460517
256,D2,BPI_6_v1,0.057663072
257,D2,BPI_8_v1,0.112946784
258,D2,BPI_9a_v1,0.556533302
259,D2,BPI_9b_v1,0.400260973
260,D2,BPI_9c_v1,0.473618068
261,D2,BPI_9d_v1,0.479890499
262,D2,BPI_9e_v1,0.290490531
263,D2,BPI_9f_v1,0.474933811
264,D2,BPI_9g_v1,0.305643229
265,D20,Se_SP_haquantosanos,-0.357318103
266,D20,QtCirColuna,0.178683713
267,D20,Trabalho_Cansativo,0.007448011
268,D20,Licenca_Tempo,0.413049553
269,D20,Tempo_dor_costas,0.036074197
270,D20,Tempo_dor_pernas,-0.303545736
271,D20,Andar_velocidade,-0.061057176
272,D20,Dor_costas_VAS,0.32389909
273,D20,Dor_pernas_VAS,-0.183546963
274,D20,IDADE,-0.098388799
275,D20,BPI_3_v1,0.173627432
276,D20,BPI_4_v1,0.120561543
277,D20,BPI_5_v1,0.106454084
278,D20,BPI_6_v1,0.34542926
279,D20,BPI_8_v1,-0.151645682
280,D20,BPI_9a_v1,0.275685328
281,D20,BPI_9b_v1,0.333896459
282,D20,BPI_9c_v1,0.086303737
283,D20,BPI_9d_v1,0.316870372
284,D20,BPI_9e_v1,0.150178124
285,D20,BPI_9f_v1,0.207718304
286,D20,BPI_9g_v1,0.252870297
287,D21,Se_SP_haquantosanos,-0.357318103
288,D21,QtCirColuna,-0.226549396
289,D21,Trabalho_Cansativo,0.382678132
290,D21,Licenca_Tempo,-0.332185347
291,D21,Tempo_dor_costas,0.253790318
292,D21,Tempo_dor_pernas,0.022520805
293,D21,Andar_velocidade,0.140878209
294,D21,Dor_costas_VAS,0.324909959
295,D21,Dor_pernas_VAS,-0.166420178
296,D21,IDADE,-0.061299495
297,D21,BPI_3_v1,0.180510257
298,D21,BPI_4_v1,0.075548123
299,D21,BPI_5_v1,0.119922629
300,D21,BPI_6_v1,0.34573714
301,D21,BPI_8_v1,0.020920489
302,D21,BPI_9a_v1,0.263304309
303,D21,BPI_9b_v1,0.308334292
304,D21,BPI_9c_v1,0.046461079
305,D21,BPI_9d_v1,0.251336227
306,D21,BPI_9e_v1,0.133758503
307,D21,BPI_9f_v1,0.088244044
308,D21,BPI_9g_v1,0.262814637
309,D22,Se_SP_haquantosanos,NA
310,D22,QtCirColuna,0.245223357
311,D22,Trabalho_Cansativo,-0.316034606
312,D22,Licenca_Tempo,-0.332185347
313,D22,Tempo_dor_costas,-0.138841259
314,D22,Tempo_dor_pernas,-0.412189792
315,D22,Andar_velocidade,-0.308937698
316,D22,Dor_costas_VAS,-0.033196148
317,D22,Dor_pernas_VAS,-0.318742581
318,D22,IDADE,-0.218456723
319,D22,BPI_3_v1,-0.036221108
320,D22,BPI_4_v1,0.079024979
321,D22,BPI_5_v1,-0.195495263
322,D22,BPI_6_v1,-0.011213154
323,D22,BPI_8_v1,-0.234443577
324,D22,BPI_9a_v1,0.086606173
325,D22,BPI_9b_v1,0.092666652
326,D22,BPI_9c_v1,0.067653813
327,D22,BPI_9d_v1,0.210058215
328,D22,BPI_9e_v1,0.131474102
329,D22,BPI_9f_v1,0.175923084
330,D22,BPI_9g_v1,-0.008618519
331,D23,Se_SP_haquantosanos,NA
332,D23,QtCirColuna,NA
333,D23,Trabalho_Cansativo,-0.316034606
334,D23,Licenca_Tempo,NA
335,D23,Tempo_dor_costas,-0.005104458
336,D23,Tempo_dor_pernas,-0.064570504
337,D23,Andar_velocidade,0.039123115
338,D23,Dor_costas_VAS,0.139064944
339,D23,Dor_pernas_VAS,0.219559384
340,D23,IDADE,-0.218456723
341,D23,BPI_3_v1,0.176276061
342,D23,BPI_4_v1,0.33038154
343,D23,BPI_5_v1,0.424826244
344,D23,BPI_6_v1,0.158277976
345,D23,BPI_8_v1,-0.09929375
346,D23,BPI_9a_v1,0.138407995
347,D23,BPI_9b_v1,0.144690035
348,D23,BPI_9c_v1,0.173259764
349,D23,BPI_9d_v1,0.158941387
350,D23,BPI_9e_v1,0.186469805
351,D23,BPI_9f_v1,0.175923084
352,D23,BPI_9g_v1,0.598125241
353,D24,Se_SP_haquantosanos,-0.6010945
354,D24,QtCirColuna,-0.023285583
355,D24,Trabalho_Cansativo,-0.087039633
356,D24,Licenca_Tempo,0.762821323
357,D24,Tempo_dor_costas,0.046200551
358,D24,Tempo_dor_pernas,0.02806938
359,D24,Andar_velocidade,0.118664995
360,D24,Dor_costas_VAS,0.03574049
361,D24,Dor_pernas_VAS,-0.29181828
362,D24,IDADE,-0.189019843
363,D24,BPI_3_v1,0.015628624
364,D24,BPI_4_v1,-0.100824261
365,D24,BPI_5_v1,-0.016825527
366,D24,BPI_6_v1,0.073428264
367,D24,BPI_8_v1,0.317448455
368,D24,BPI_9a_v1,-0.045050755
369,D24,BPI_9b_v1,-0.172173293
370,D24,BPI_9c_v1,0.034126152
371,D24,BPI_9d_v1,-0.082147578
372,D24,BPI_9e_v1,-0.15970628
373,D24,BPI_9f_v1,-0.05326597
374,D24,BPI_9g_v1,-0.115080136
375,D25,Se_SP_haquantosanos,-0.511371417
376,D25,QtCirColuna,NA
377,D25,Trabalho_Cansativo,-0.136850459
378,D25,Licenca_Tempo,NA
379,D25,Tempo_dor_costas,-0.005685079
380,D25,Tempo_dor_pernas,-0.200968682
381,D25,Andar_velocidade,0.431429154
382,D25,Dor_costas_VAS,0.282988686
383,D25,Dor_pernas_VAS,-0.205312064
384,D25,IDADE,-0.183309092
385,D25,BPI_3_v1,-0.04033182
386,D25,BPI_4_v1,-0.016962598
387,D25,BPI_5_v1,0.231287019
388,D25,BPI_6_v1,0.302128692
389,D25,BPI_8_v1,-0.073664996
390,D25,BPI_9a_v1,-0.105547414
391,D25,BPI_9b_v1,-0.041674761
392,D25,BPI_9c_v1,-0.071724858
393,D25,BPI_9d_v1,-0.107712464
394,D25,BPI_9e_v1,-0.0679992
395,D25,BPI_9f_v1,-0.095756957
396,D25,BPI_9g_v1,0.174823865
397,D26,Se_SP_haquantosanos,NA
398,D26,QtCirColuna,0.245223357
399,D26,Trabalho_Cansativo,-0.316034606
400,D26,Licenca_Tempo,-0.332185347
401,D26,Tempo_dor_costas,0.396105945
402,D26,Tempo_dor_pernas,-0.412189792
403,D26,Andar_velocidade,-0.308937698
404,D26,Dor_costas_VAS,0.139064944
405,D26,Dor_pernas_VAS,-0.318742581
406,D26,IDADE,0.144145625
407,D26,BPI_3_v1,0.335648937
408,D26,BPI_4_v1,-0.109492441
409,D26,BPI_5_v1,0.05263334
410,D26,BPI_6_v1,0.158277976
411,D26,BPI_8_v1,0.238580817
412,D26,BPI_9a_v1,0.552822578
413,D26,BPI_9b_v1,0.456830335
414,D26,BPI_9c_v1,0.490077619
415,D26,BPI_9d_v1,0.618992838
416,D26,BPI_9e_v1,0.406452617
417,D26,BPI_9f_v1,0.333026488
418,D26,BPI_9g_v1,0.267174099
419,D27,Se_SP_haquantosanos,0.361597362
420,D27,QtCirColuna,-0.051488499
421,D27,Trabalho_Cansativo,-0.306454289
422,D27,Licenca_Tempo,NA
423,D27,Tempo_dor_costas,0.211058938
424,D27,Tempo_dor_pernas,0.059452288
425,D27,Andar_velocidade,0.00500617
426,D27,Dor_costas_VAS,-0.278301636
427,D27,Dor_pernas_VAS,-0.120013598
428,D27,IDADE,0.039375579
429,D27,BPI_3_v1,-0.017343972
430,D27,BPI_4_v1,-0.024927638
431,D27,BPI_5_v1,0.04660184
432,D27,BPI_6_v1,-0.248693286
433,D27,BPI_8_v1,0.306291298
434,D27,BPI_9a_v1,0.232666983
435,D27,BPI_9b_v1,0.143705032
436,D27,BPI_9c_v1,0.200986139
437,D27,BPI_9d_v1,0.065782543
438,D27,BPI_9e_v1,0.165272919
439,D27,BPI_9f_v1,0.179776422
440,D27,BPI_9g_v1,0.399508964
441,D28,Se_SP_haquantosanos,0.002486274
442,D28,QtCirColuna,-0.401610294
443,D28,Trabalho_Cansativo,-0.173126801
444,D28,Licenca_Tempo,NA
445,D28,Tempo_dor_costas,0.314780418
446,D28,Tempo_dor_pernas,-0.170149269
447,D28,Andar_velocidade,-0.092337036
448,D28,Dor_costas_VAS,0.075087122
449,D28,Dor_pernas_VAS,-0.210556332
450,D28,IDADE,0.151207939
451,D28,BPI_3_v1,0.10521767
452,D28,BPI_4_v1,-0.23179032
453,D28,BPI_5_v1,-0.011271608
454,D28,BPI_6_v1,0.099518525
455,D28,BPI_8_v1,0.423205634
456,D28,BPI_9a_v1,0.394447174
457,D28,BPI_9b_v1,0.236313451
458,D28,BPI_9c_v1,0.208138383
459,D28,BPI_9d_v1,0.170468576
460,D28,BPI_9e_v1,0.113896396
461,D28,BPI_9f_v1,0.169397936
462,D28,BPI_9g_v1,0.453483227
463,D29,Se_SP_haquantosanos,0.348311553
464,D29,QtCirColuna,0.152142349
465,D29,Trabalho_Cansativo,-0.021305894
466,D29,Licenca_Tempo,-0.395458746
467,D29,Tempo_dor_costas,0.362040008
468,D29,Tempo_dor_pernas,0.439400501
469,D29,Andar_velocidade,-0.264137776
470,D29,Dor_costas_VAS,0.221263418
471,D29,Dor_pernas_VAS,0.400412302
472,D29,IDADE,0.115919599
473,D29,BPI_3_v1,0.231405391
474,D29,BPI_4_v1,0.19114702
475,D29,BPI_5_v1,0.264471102
476,D29,BPI_6_v1,0.211415245
477,D29,BPI_8_v1,0.18232832
478,D29,BPI_9a_v1,0.051223418
479,D29,BPI_9b_v1,0.053119018
480,D29,BPI_9c_v1,0.125562908
481,D29,BPI_9d_v1,0.040488877
482,D29,BPI_9e_v1,0.066881017
483,D29,BPI_9f_v1,0.059954677
484,D29,BPI_9g_v1,0.034241176
485,D3,Se_SP_haquantosanos,NA
486,D3,QtCirColuna,0.245223357
487,D3,Trabalho_Cansativo,-0.058524927
488,D3,Licenca_Tempo,NA
489,D3,Tempo_dor_costas,0.128632343
490,D3,Tempo_dor_pernas,0.051302592
491,D3,Andar_velocidade,0.039123115
492,D3,Dor_costas_VAS,0.311326037
493,D3,Dor_pernas_VAS,0.058068795
494,D3,IDADE,0.117286192
495,D3,BPI_3_v1,0.38877323
496,D3,BPI_4_v1,0.45605982
497,D3,BPI_5_v1,0.424826244
498,D3,BPI_6_v1,-0.011213154
499,D3,BPI_8_v1,0.10343099
500,D3,BPI_9a_v1,0.501020755
501,D3,BPI_9b_v1,0.144690035
502,D3,BPI_9c_v1,0.701289522
503,D3,BPI_9d_v1,0.670109666
504,D3,BPI_9e_v1,0.46144832
505,D3,BPI_9f_v1,0.6996011
506,D3,BPI_9g_v1,0.212015575
507,D30,Se_SP_haquantosanos,0.691234835
508,D30,Tempo_dor_costas,0.566037439
509,D30,BPI_6_v1,0.517612138
510,D30,QtCirColuna,0.514526836
511,D30,Dor_pernas_VAS,0.503584404
512,D30,Dor_costas_VAS,0.494060717
513,D30,Tempo_dor_pernas,0.489404496
514,D30,BPI_5_v1,0.430694931
515,D30,BPI_3_v1,0.422720751
516,D30,BPI_4_v1,0.416275039
517,D30,BPI_9c_v1,0.30202091
518,D30,BPI_9d_v1,0.250883763
519,D30,BPI_9e_v1,0.170144881
520,D30,BPI_9a_v1,0.165763924
521,D30,IDADE,0.162462937
522,D30,BPI_9f_v1,0.162256472
523,D30,BPI_9g_v1,0.158808036
524,D30,BPI_9b_v1,0.142576702
525,D30,BPI_8_v1,-0.001211327
526,D30,Trabalho_Cansativo,-0.038216087
527,D30,Licenca_Tempo,-0.195655051
528,D30,Andar_velocidade,-0.465011842
529,D31,Se_SP_haquantosanos,0.111554885
530,D31,QtCirColuna,0.091668848
531,D31,Trabalho_Cansativo,-0.210840772
532,D31,Licenca_Tempo,NA
533,D31,Tempo_dor_costas,0.150294684
534,D31,Tempo_dor_pernas,0.142613455
535,D31,Andar_velocidade,-0.209212849
536,D31,Dor_costas_VAS,0.105800346
537,D31,Dor_pernas_VAS,0.302004508
538,D31,IDADE,0.174443307
539,D31,BPI_3_v1,0.388182327
540,D31,BPI_4_v1,0.202027567
541,D31,BPI_5_v1,0.323705116
542,D31,BPI_6_v1,0.136872553
543,D31,BPI_8_v1,-0.136969078
544,D31,BPI_9a_v1,0.423120136
545,D31,BPI_9b_v1,0.28170258
546,D31,BPI_9c_v1,0.26904289
547,D31,BPI_9d_v1,0.302838812
548,D31,BPI_9e_v1,0.249368089
549,D31,BPI_9f_v1,0.378413982
550,D31,BPI_9g_v1,0.147843803
551,D32,Se_SP_haquantosanos,0.625213908
552,D32,QtCirColuna,0.150587105
553,D32,Trabalho_Cansativo,0.140056309
554,D32,Licenca_Tempo,-0.608704604
555,D32,Tempo_dor_costas,0.453211243
556,D32,Tempo_dor_pernas,0.529702692
557,D32,Andar_velocidade,-0.241158488
558,D32,Dor_costas_VAS,0.284352731
559,D32,Dor_pernas_VAS,0.5549994
560,D32,IDADE,0.012185006
561,D32,BPI_3_v1,0.285512996
562,D32,BPI_4_v1,0.272717503
563,D32,BPI_5_v1,0.353161767
564,D32,BPI_6_v1,0.29128432
565,D32,BPI_8_v1,0.079825786
566,D32,BPI_9a_v1,0.091722571
567,D32,BPI_9b_v1,0.116134704
568,D32,BPI_9c_v1,0.101211574
569,D32,BPI_9d_v1,0.137987177
570,D32,BPI_9e_v1,0.162362065
571,D32,BPI_9f_v1,0.12709155
572,D32,BPI_9g_v1,0.171595616
573,D33,Se_SP_haquantosanos,0.169429994
574,D33,QtCirColuna,0.038485723
575,D33,Trabalho_Cansativo,0.176440792
576,D33,Licenca_Tempo,NA
577,D33,Tempo_dor_costas,0.180359583
578,D33,Tempo_dor_pernas,0.396871888
579,D33,Andar_velocidade,-0.108016798
580,D33,Dor_costas_VAS,0.128247649
581,D33,Dor_pernas_VAS,0.397373805
582,D33,IDADE,-0.051914481
583,D33,BPI_3_v1,0.32136218
584,D33,BPI_4_v1,0.360122905
585,D33,BPI_5_v1,0.406847888
586,D33,BPI_6_v1,0.155913073
587,D33,BPI_8_v1,-0.332909089
588,D33,BPI_9a_v1,0.38882353
589,D33,BPI_9b_v1,0.410677572
590,D33,BPI_9c_v1,0.231229486
591,D33,BPI_9d_v1,0.403146812
592,D33,BPI_9e_v1,0.326612832
593,D33,BPI_9f_v1,0.235076085
594,D33,BPI_9g_v1,0.220540781
595,D34,Se_SP_haquantosanos,-0.460020312
596,D34,QtCirColuna,-0.186031512
597,D34,Trabalho_Cansativo,0.029009281
598,D34,Licenca_Tempo,NA
599,D34,Tempo_dor_costas,-0.147489843
600,D34,Tempo_dor_pernas,-0.027562354
601,D34,Andar_velocidade,-0.020068619
602,D34,Dor_costas_VAS,-0.116638254
603,D34,Dor_pernas_VAS,-0.033636913
604,D34,IDADE,-0.184419793
605,D34,BPI_3_v1,0.300085937
606,D34,BPI_4_v1,0.261924044
607,D34,BPI_5_v1,0.209643549
608,D34,BPI_6_v1,-0.091933381
609,D34,BPI_8_v1,-0.106026134
610,D34,BPI_9a_v1,0.624183776
611,D34,BPI_9b_v1,0.522329892
612,D34,BPI_9c_v1,0.146713852
613,D34,BPI_9d_v1,0.349979495
614,D34,BPI_9e_v1,0.392974169
615,D34,BPI_9f_v1,0.446658894
616,D34,BPI_9g_v1,0.342542526
617,D35,Se_SP_haquantosanos,NA
618,D35,QtCirColuna,NA
619,D35,Trabalho_Cansativo,-0.316034606
620,D35,Licenca_Tempo,NA
621,D35,Tempo_dor_costas,0.128632343
622,D35,Tempo_dor_pernas,-0.064570504
623,D35,Andar_velocidade,0.387183927
624,D35,Dor_costas_VAS,0.253905673
625,D35,Dor_pernas_VAS,0.111898991
626,D35,IDADE,-0.379613322
627,D35,BPI_3_v1,0.070027476
628,D35,BPI_4_v1,-0.109492441
629,D35,BPI_5_v1,-0.071430961
630,D35,BPI_6_v1,0.271272063
631,D35,BPI_8_v1,0.441305557
632,D35,BPI_9a_v1,0.138407995
633,D35,BPI_9b_v1,0.560877101
634,D35,BPI_9c_v1,0.067653813
635,D35,BPI_9d_v1,0.465642354
636,D35,BPI_9e_v1,0.516444023
637,D35,BPI_9f_v1,0.333026488
638,D35,BPI_9g_v1,0.43264967
639,D36,Se_SP_haquantosanos,-0.537046969
640,D36,QtCirColuna,-0.101712268
641,D36,Trabalho_Cansativo,-0.117906235
642,D36,Licenca_Tempo,NA
643,D36,Tempo_dor_costas,-0.134222013
644,D36,Tempo_dor_pernas,0.102214381
645,D36,Andar_velocidade,-0.061057176
646,D36,Dor_costas_VAS,-0.207158075
647,D36,Dor_pernas_VAS,0.211545653
648,D36,IDADE,0.029573512
649,D36,BPI_3_v1,0.29193993
650,D36,BPI_4_v1,0.080576307
651,D36,BPI_5_v1,0.126189953
652,D36,BPI_6_v1,-0.158161569
653,D36,BPI_8_v1,0.118549438
654,D36,BPI_9a_v1,0.40784908
655,D36,BPI_9b_v1,0.43344323
656,D36,BPI_9c_v1,0.406259054
657,D36,BPI_9d_v1,0.153850245
658,D36,BPI_9e_v1,0.378185786
659,D36,BPI_9f_v1,0.341326058
660,D36,BPI_9g_v1,0.182506388
661,D37,Se_SP_haquantosanos,0.186700434
662,D37,QtCirColuna,0.167784792
663,D37,Trabalho_Cansativo,-0.177164329
664,D37,Licenca_Tempo,-0.395458746
665,D37,Tempo_dor_costas,0.114281453
666,D37,Tempo_dor_pernas,0.175141305
667,D37,Andar_velocidade,-0.196725129
668,D37,Dor_costas_VAS,0.253112722
669,D37,Dor_pernas_VAS,0.513445905
670,D37,IDADE,0.198353364
671,D37,BPI_3_v1,0.426405378
672,D37,BPI_4_v1,0.373082705
673,D37,BPI_5_v1,0.477356394
674,D37,BPI_6_v1,0.292574784
675,D37,BPI_8_v1,-0.01630457
676,D37,BPI_9a_v1,0.36986293
677,D37,BPI_9b_v1,0.413105739
678,D37,BPI_9c_v1,0.382725336
679,D37,BPI_9d_v1,0.292690655
680,D37,BPI_9e_v1,0.434195388
681,D37,BPI_9f_v1,0.354257979
682,D37,BPI_9g_v1,0.375922263
683,D38,Se_SP_haquantosanos,NA
684,D38,QtCirColuna,-0.186031512
685,D38,Trabalho_Cansativo,-0.316034606
686,D38,Licenca_Tempo,NA
687,D38,Tempo_dor_costas,-0.147489843
688,D38,Tempo_dor_pernas,0.05449829
689,D38,Andar_velocidade,-0.020068619
690,D38,Dor_costas_VAS,-0.523441976
691,D38,Dor_pernas_VAS,0.576632794
692,D38,IDADE,-0.108370394
693,D38,BPI_3_v1,0.300085937
694,D38,BPI_4_v1,0.306420792
695,D38,BPI_5_v1,0.385344809
696,D38,BPI_6_v1,-0.492042113
697,D38,BPI_8_v1,0.035856077
698,D38,BPI_9a_v1,0.514084295
699,D38,BPI_9b_v1,0.448616302
700,D38,BPI_9c_v1,0.296350291
701,D38,BPI_9d_v1,0.277550432
702,D38,BPI_9e_v1,0.509861916
703,D38,BPI_9f_v1,0.632162912
704,D38,BPI_9g_v1,0.30346459
705,D39,Se_SP_haquantosanos,0.558285719
706,D39,QtCirColuna,0.251035052
707,D39,Trabalho_Cansativo,-0.112673445
708,D39,Licenca_Tempo,NA
709,D39,Tempo_dor_costas,0.138545923
710,D39,Tempo_dor_pernas,0.122500399
711,D39,Andar_velocidade,-0.270391019
712,D39,Dor_costas_VAS,0.225125849
713,D39,Dor_pernas_VAS,0.468398747
714,D39,IDADE,0.342727995
715,D39,BPI_3_v1,0.410014718
716,D39,BPI_4_v1,0.317187891
717,D39,BPI_5_v1,0.503109833
718,D39,BPI_6_v1,0.308839341
719,D39,BPI_8_v1,-0.181220627
720,D39,BPI_9a_v1,0.289597432
721,D39,BPI_9b_v1,0.29934478
722,D39,BPI_9c_v1,0.28014266
723,D39,BPI_9d_v1,0.207100169
724,D39,BPI_9e_v1,0.333666361
725,D39,BPI_9f_v1,0.325716574
726,D39,BPI_9g_v1,0.372028949
727,D4,Se_SP_haquantosanos,NA
728,D4,QtCirColuna,0.245223357
729,D4,Trabalho_Cansativo,-0.208534032
730,D4,Licenca_Tempo,NA
731,D4,Tempo_dor_costas,0.143264003
732,D4,Tempo_dor_pernas,-0.007388554
733,D4,Andar_velocidade,0.23751152
734,D4,Dor_costas_VAS,0.314987407
735,D4,Dor_pernas_VAS,0.09474124
736,D4,IDADE,-0.145949902
737,D4,BPI_3_v1,0.255434858
738,D4,BPI_4_v1,0.192949549
739,D4,BPI_5_v1,0.196750948
740,D4,BPI_6_v1,0.144820033
741,D4,BPI_8_v1,0.306291298
742,D4,BPI_9a_v1,0.356335287
743,D4,BPI_9b_v1,0.393192311
744,D4,BPI_9c_v1,0.428510048
745,D4,BPI_9d_v1,0.632921998
746,D4,BPI_9e_v1,0.544951332
747,D4,BPI_9f_v1,0.575453713
748,D4,BPI_9g_v1,0.359253436
749,D40,Se_SP_haquantosanos,-0.537046969
750,D40,QtCirColuna,-0.186031512
751,D40,Trabalho_Cansativo,-0.351901179
752,D40,Licenca_Tempo,NA
753,D40,Tempo_dor_costas,-0.284882244
754,D40,Tempo_dor_pernas,-0.047971846
755,D40,Andar_velocidade,0.085730668
756,D40,Dor_costas_VAS,-0.304945323
757,D40,Dor_pernas_VAS,0.404701592
758,D40,IDADE,-0.078751159
759,D40,BPI_3_v1,0.253445779
760,D40,BPI_4_v1,0.295381478
761,D40,BPI_5_v1,0.219072199
762,D40,BPI_6_v1,-0.379637098
763,D40,BPI_8_v1,0.078317522
764,D40,BPI_9a_v1,0.448996575
765,D40,BPI_9b_v1,0.481657022
766,D40,BPI_9c_v1,0.323491977
767,D40,BPI_9d_v1,0.2080952
768,D40,BPI_9e_v1,0.52253356
769,D40,BPI_9f_v1,0.447068081
770,D40,BPI_9g_v1,0.169161453
771,D41,Se_SP_haquantosanos,-0.537046969
772,D41,QtCirColuna,0.517509095
773,D41,Trabalho_Cansativo,-0.208921575
774,D41,Licenca_Tempo,NA
775,D41,Tempo_dor_costas,-0.077256228
776,D41,Tempo_dor_pernas,-0.100405254
777,D41,Andar_velocidade,0.01766947
778,D41,Dor_costas_VAS,0.040196684
779,D41,Dor_pernas_VAS,0.310460748
780,D41,IDADE,0.014534932
781,D41,BPI_3_v1,0.29316914
782,D41,BPI_4_v1,0.031127846
783,D41,BPI_5_v1,0.185697367
784,D41,BPI_6_v1,-0.013878288
785,D41,BPI_8_v1,0.118549438
786,D41,BPI_9a_v1,0.410078187
787,D41,BPI_9b_v1,0.492586343
788,D41,BPI_9c_v1,0.476591315
789,D41,BPI_9d_v1,0.341856872
790,D41,BPI_9e_v1,0.503838914
791,D41,BPI_9f_v1,0.236621551
792,D41,BPI_9g_v1,0.262814637
793,D42,Se_SP_haquantosanos,NA
794,D42,QtCirColuna,0.245223357
795,D42,Trabalho_Cansativo,-0.153334772
796,D42,Licenca_Tempo,-0.332185347
797,D42,Tempo_dor_costas,-0.147489843
798,D42,Tempo_dor_pernas,-0.437865574
799,D42,Andar_velocidade,-0.020068619
800,D42,Dor_costas_VAS,-0.157318627
801,D42,Dor_pernas_VAS,-0.338771767
802,D42,IDADE,-0.317506242
803,D42,BPI_3_v1,-0.188942997
804,D42,BPI_4_v1,-0.049553197
805,D42,BPI_5_v1,-0.273534916
806,D42,BPI_6_v1,-0.131944254
807,D42,BPI_8_v1,0.086391664
808,D42,BPI_9a_v1,-0.073112937
809,D42,BPI_9b_v1,-0.067378828
810,D42,BPI_9c_v1,-0.077740806
811,D42,BPI_9d_v1,0.024048712
812,D42,BPI_9e_v1,-0.035614235
813,D42,BPI_9f_v1,0.00144925
814,D42,BPI_9g_v1,-0.126392697
815,D43,Se_SP_haquantosanos,-0.357318103
816,D43,QtCirColuna,-0.208902754
817,D43,Trabalho_Cansativo,0.302525361
818,D43,Licenca_Tempo,-0.332185347
819,D43,Tempo_dor_costas,0.326068231
820,D43,Tempo_dor_pernas,-0.437865574
821,D43,Andar_velocidade,-0.020068619
822,D43,Dor_costas_VAS,-0.03527751
823,D43,Dor_pernas_VAS,-0.338771767
824,D43,IDADE,-0.051333345
825,D43,BPI_3_v1,0.337703547
826,D43,BPI_4_v1,0.128433798
827,D43,BPI_5_v1,0.033942289
828,D43,BPI_6_v1,-0.011911634
829,D43,BPI_8_v1,-0.057921684
830,D43,BPI_9a_v1,0.514084295
831,D43,BPI_9b_v1,0.559186687
832,D43,BPI_9c_v1,-0.115149916
833,D43,BPI_9d_v1,0.603481215
834,D43,BPI_9e_v1,0.23712384
835,D43,BPI_9f_v1,0.261154876
836,D43,BPI_9g_v1,0.498854266
837,D44,Se_SP_haquantosanos,0.625213908
838,D44,QtCirColuna,0.237276161
839,D44,Trabalho_Cansativo,0.019660815
840,D44,Licenca_Tempo,-0.395458746
841,D44,Tempo_dor_costas,0.304530205
842,D44,Tempo_dor_pernas,0.486876359
843,D44,Andar_velocidade,-0.26563518
844,D44,Dor_costas_VAS,0.272169422
845,D44,Dor_pernas_VAS,0.579077686
846,D44,IDADE,0.159436994
847,D44,BPI_3_v1,0.339354481
848,D44,BPI_4_v1,0.308868898
849,D44,BPI_5_v1,0.362051817
850,D44,BPI_6_v1,0.31237011
851,D44,BPI_8_v1,0.027228834
852,D44,BPI_9a_v1,0.157152805
853,D44,BPI_9b_v1,0.199561508
854,D44,BPI_9c_v1,0.22349923
855,D44,BPI_9d_v1,0.191648086
856,D44,BPI_9e_v1,0.233267378
857,D44,BPI_9f_v1,0.22453232
858,D44,BPI_9g_v1,0.262775364
859,D45,Se_SP_haquantosanos,0.315756855
860,D45,QtCirColuna,0.459079694
861,D45,Trabalho_Cansativo,-0.176440792
862,D45,Licenca_Tempo,NA
863,D45,Tempo_dor_costas,0.086601228
864,D45,Tempo_dor_pernas,0.315637173
865,D45,Andar_velocidade,-0.189503154
866,D45,Dor_costas_VAS,0.155158631
867,D45,Dor_pernas_VAS,0.649895563
868,D45,IDADE,0.176384141
869,D45,BPI_3_v1,0.32136218
870,D45,BPI_4_v1,0.433481275
871,D45,BPI_5_v1,0.377881371
872,D45,BPI_6_v1,0.182318519
873,D45,BPI_8_v1,-0.292255443
874,D45,BPI_9a_v1,0.364545768
875,D45,BPI_9b_v1,0.422868371
876,D45,BPI_9c_v1,0.342590844
877,D45,BPI_9d_v1,0.498973724
878,D45,BPI_9e_v1,0.339500145
879,D45,BPI_9f_v1,0.370062678
880,D45,BPI_9g_v1,0.336869984
881,D46,Se_SP_haquantosanos,0.83126382
882,D46,QtCirColuna,0.263527434
883,D46,Trabalho_Cansativo,0.048496678
884,D46,Licenca_Tempo,-0.395458746
885,D46,Tempo_dor_costas,0.304530205
886,D46,Tempo_dor_pernas,0.486876359
887,D46,Andar_velocidade,-0.325368367
888,D46,Dor_costas_VAS,0.258990801
889,D46,Dor_pernas_VAS,0.603862542
890,D46,IDADE,0.27126157
891,D46,BPI_3_v1,0.375047542
892,D46,BPI_4_v1,0.294795479
893,D46,BPI_5_v1,0.396783532
894,D46,BPI_6_v1,0.29967962
895,D46,BPI_8_v1,-0.059900152
896,D46,BPI_9a_v1,0.163024247
897,D46,BPI_9b_v1,0.158285628
898,D46,BPI_9c_v1,0.253423813
899,D46,BPI_9d_v1,0.203235688
900,D46,BPI_9e_v1,0.245734277
901,D46,BPI_9f_v1,0.283888241
902,D46,BPI_9g_v1,0.225263936
903,D47,Se_SP_haquantosanos,0.315756855
904,D47,QtCirColuna,0.33748809
905,D47,Trabalho_Cansativo,-0.272681224
906,D47,Licenca_Tempo,NA
907,D47,Tempo_dor_costas,0.149106798
908,D47,Tempo_dor_pernas,0.36979365
909,D47,Andar_velocidade,-0.230246332
910,D47,Dor_costas_VAS,0.074425685
911,D47,Dor_pernas_VAS,0.662521651
912,D47,IDADE,0.123218708
913,D47,BPI_3_v1,0.358572538
914,D47,BPI_4_v1,0.389466253
915,D47,BPI_5_v1,0.39236463
916,D47,BPI_6_v1,0.103102181
917,D47,BPI_8_v1,-0.158443363
918,D47,BPI_9a_v1,0.376684649
919,D47,BPI_9b_v1,0.300960372
920,D47,BPI_9c_v1,0.293096907
921,D47,BPI_9d_v1,0.451060268
922,D47,BPI_9e_v1,0.403936708
923,D47,BPI_9f_v1,0.541863797
924,D47,BPI_9g_v1,0.272242649
925,D48,Se_SP_haquantosanos,0.83126382
926,D48,QtCirColuna,0.484711622
927,D48,Trabalho_Cansativo,-0.157960815
928,D48,Licenca_Tempo,-0.608704604
929,D48,Tempo_dor_costas,0.359885388
930,D48,Tempo_dor_pernas,0.49170232
931,D48,Andar_velocidade,-0.337936202
932,D48,Dor_costas_VAS,0.357214306
933,D48,Dor_pernas_VAS,0.636106988
934,D48,IDADE,0.350378564
935,D48,BPI_3_v1,0.396035986
936,D48,BPI_4_v1,0.357801573
937,D48,BPI_5_v1,0.435910568
938,D48,BPI_6_v1,0.346255321
939,D48,BPI_8_v1,-0.204831369
940,D48,BPI_9a_v1,0.127512735
941,D48,BPI_9b_v1,0.174429823
942,D48,BPI_9c_v1,0.239341134
943,D48,BPI_9d_v1,0.215845255
944,D48,BPI_9e_v1,0.275400896
945,D48,BPI_9f_v1,0.23021348
946,D48,BPI_9g_v1,0.229442515
947,D49,Se_SP_haquantosanos,0.315756855
948,D49,QtCirColuna,-0.101712268
949,D49,Trabalho_Cansativo,0.128445285
950,D49,Licenca_Tempo,NA
951,D49,Tempo_dor_costas,0.184208921
952,D49,Tempo_dor_pernas,0.405342155
953,D49,Andar_velocidade,-0.231994594
954,D49,Dor_costas_VAS,0.028449876
955,D49,Dor_pernas_VAS,0.387126625
956,D49,IDADE,0.074475166
957,D49,BPI_3_v1,0.287271606
958,D49,BPI_4_v1,0.209876484
959,D49,BPI_5_v1,0.286929956
960,D49,BPI_6_v1,0.05862552
961,D49,BPI_8_v1,-0.062602254
962,D49,BPI_9a_v1,0.210247191
963,D49,BPI_9b_v1,0.242310966
964,D49,BPI_9c_v1,0.178850407
965,D49,BPI_9d_v1,0.250884186
966,D49,BPI_9e_v1,0.279985836
967,D49,BPI_9f_v1,0.252684549
968,D49,BPI_9g_v1,0.194827741
969,D5,Se_SP_haquantosanos,-0.460020312
970,D5,QtCirColuna,-0.186031512
971,D5,Trabalho_Cansativo,-0.335678825
972,D5,Licenca_Tempo,NA
973,D5,Tempo_dor_costas,-0.052778228
974,D5,Tempo_dor_pernas,0.300680223
975,D5,Andar_velocidade,-0.020068619
976,D5,Dor_costas_VAS,0.16812435
977,D5,Dor_pernas_VAS,0.233356084
978,D5,IDADE,0.300395128
979,D5,BPI_3_v1,0.262468327
980,D5,BPI_4_v1,0.128433798
981,D5,BPI_5_v1,0.121792919
982,D5,BPI_6_v1,0.188142732
983,D5,BPI_8_v1,0.038287215
984,D5,BPI_9a_v1,0.367284987
985,D5,BPI_9b_v1,0.264332327
986,D5,BPI_9c_v1,0.296350291
987,D5,BPI_9d_v1,0.168906838
988,D5,BPI_9e_v1,0.159198676
989,D5,BPI_9f_v1,0.520860501
990,D5,BPI_9g_v1,0.14715285
991,D50,Se_SP_haquantosanos,-0.460020312
992,D50,QtCirColuna,-0.186031512
993,D50,Trabalho_Cansativo,0.198984752
994,D50,Licenca_Tempo,NA
995,D50,Tempo_dor_costas,-0.27257806
996,D50,Tempo_dor_pernas,-0.1804436
997,D50,Andar_velocidade,-0.134907292
998,D50,Dor_costas_VAS,-0.320297969
999,D50,Dor_pernas_VAS,-0.318742581
1000,D50,IDADE,-0.097589274
1001,D50,BPI_3_v1,0.38877323
1002,D50,BPI_4_v1,0.267542399
1003,D50,BPI_5_v1,0.176697641
1004,D50,BPI_6_v1,-0.29369837
1005,D50,BPI_8_v1,-0.504743231
1006,D50,BPI_9a_v1,0.552822578
1007,D50,BPI_9b_v1,0.404806951
1008,D50,BPI_9c_v1,-0.037952139
1009,D50,BPI_9d_v1,0.158941387
1010,D50,BPI_9e_v1,0.186469805
1011,D50,BPI_9f_v1,0.280658687
1012,D50,BPI_9g_v1,0.212015575
1013,D51,Se_SP_haquantosanos,NA
1014,D51,QtCirColuna,NA
1015,D51,Trabalho_Cansativo,-0.288899023
1016,D51,Licenca_Tempo,NA
1017,D51,Tempo_dor_costas,0.117568405
1018,D51,Tempo_dor_pernas,0.258703164
1019,D51,Andar_velocidade,0.194754981
1020,D51,Dor_costas_VAS,0.284405556
1021,D51,Dor_pernas_VAS,0.495542114
1022,D51,IDADE,-0.298055211
1023,D51,BPI_3_v1,0.064014728
1024,D51,BPI_4_v1,0.187126886
1025,D51,BPI_5_v1,0.218231809
1026,D51,BPI_6_v1,0.299576997
1027,D51,BPI_8_v1,0.646054078
1028,D51,BPI_9a_v1,0.599664797
1029,D51,BPI_9b_v1,0.607427647
1030,D51,BPI_9c_v1,0.44770042
1031,D51,BPI_9d_v1,0.612165027
1032,D51,BPI_9e_v1,0.672747725
1033,D51,BPI_9f_v1,0.639106325
1034,D51,BPI_9g_v1,0.496016178
1035,D52,Se_SP_haquantosanos,NA
1036,D52,QtCirColuna,NA
1037,D52,Trabalho_Cansativo,0.456494431
1038,D52,Licenca_Tempo,NA
1039,D52,Tempo_dor_costas,-0.005104458
1040,D52,Tempo_dor_pernas,-0.412189792
1041,D52,Andar_velocidade,0.039123115
1042,D52,Dor_costas_VAS,-0.435138697
1043,D52,Dor_pernas_VAS,-0.318742581
1044,D52,IDADE,-0.406472755
1045,D52,BPI_3_v1,0.016903184
1046,D52,BPI_4_v1,-0.046653301
1047,D52,BPI_5_v1,-0.133463112
1048,D52,BPI_6_v1,-0.406692457
1049,D52,BPI_8_v1,0.035856077
1050,D52,BPI_9a_v1,0.138407995
1051,D52,BPI_9b_v1,0.144690035
1052,D52,BPI_9c_v1,-0.354769994
1053,D52,BPI_9d_v1,0.158941387
1054,D52,BPI_9e_v1,0.186469805
1055,D52,BPI_9f_v1,0.018819679
1056,D52,BPI_9g_v1,0.212015575
1057,D53,Se_SP_haquantosanos,-0.357318103
1058,D53,QtCirColuna,-0.617286382
1059,D53,Trabalho_Cansativo,0.585249271
1060,D53,Licenca_Tempo,NA
1061,D53,Tempo_dor_costas,0.262369144
1062,D53,Tempo_dor_pernas,-0.412189792
1063,D53,Andar_velocidade,0.039123115
1064,D53,Dor_costas_VAS,-0.090616512
1065,D53,Dor_pernas_VAS,-0.318742581
1066,D53,IDADE,-0.218456723
1067,D53,BPI_3_v1,0.38877323
1068,D53,BPI_4_v1,0.079024979
1069,D53,BPI_5_v1,0.114665491
1070,D53,BPI_6_v1,-0.067710197
1071,D53,BPI_8_v1,-0.09929375
1072,D53,BPI_9a_v1,0.501020755
1073,D53,BPI_9b_v1,0.560877101
1074,D53,BPI_9c_v1,-0.354769994
1075,D53,BPI_9d_v1,0.516759182
1076,D53,BPI_9e_v1,0.186469805
1077,D53,BPI_9f_v1,0.228290885
1078,D53,BPI_9g_v1,0.653283765
1079,D9,Se_SP_haquantosanos,NA
1080,D9,QtCirColuna,NA
1081,D9,Trabalho_Cansativo,-0.288899023
1082,D9,Licenca_Tempo,NA
1083,D9,Tempo_dor_costas,0.117568405
1084,D9,Tempo_dor_pernas,0.258703164
1085,D9,Andar_velocidade,0.194754981
1086,D9,Dor_costas_VAS,0.284405556
1087,D9,Dor_pernas_VAS,0.495542114
1088,D9,IDADE,-0.298055211
1089,D9,BPI_3_v1,0.064014728
1090,D9,BPI_4_v1,0.187126886
1091,D9,BPI_5_v1,0.218231809
1092,D9,BPI_6_v1,0.299576997
1093,D9,BPI_8_v1,0.646054078
1094,D9,BPI_9a_v1,0.599664797
1095,D9,BPI_9b_v1,0.607427647
1096,D9,BPI_9c_v1,0.44770042
1097,D9,BPI_9d_v1,0.612165027
1098,D9,BPI_9e_v1,0.672747725
1099,D9,BPI_9f_v1,0.639106325
1100,D9,BPI_9g_v1,0.496016178
1101,Desempregado,Se_SP_haquantosanos,-0.219511225
1102,Desempregado,QtCirColuna,0.245895187
1103,Desempregado,Trabalho_Cansativo,-0.383928223
1104,Desempregado,Licenca_Tempo,0.608704604
1105,Desempregado,Tempo_dor_costas,0.168780341
1106,Desempregado,Tempo_dor_pernas,-0.09118501
1107,Desempregado,Andar_velocidade,-0.122762559
1108,Desempregado,Dor_costas_VAS,0.335081414
1109,Desempregado,Dor_pernas_VAS,0.097830162
1110,Desempregado,IDADE,0.046426612
1111,Desempregado,BPI_3_v1,0.054764769
1112,Desempregado,BPI_4_v1,0.066150592
1113,Desempregado,BPI_5_v1,0.028258992
1114,Desempregado,BPI_6_v1,0.177855637
1115,Desempregado,BPI_8_v1,0.035238271
1116,Desempregado,BPI_9a_v1,-0.017936586
1117,Desempregado,BPI_9b_v1,-0.053478314
1118,Desempregado,BPI_9c_v1,0.089143445
1119,Desempregado,BPI_9d_v1,0.03232065
1120,Desempregado,BPI_9e_v1,-0.025089173
1121,Desempregado,BPI_9f_v1,0.046014114
1122,Desempregado,BPI_9g_v1,-0.042794855
1123,Dor_costas,Licenca_Tempo,NA
1124,Dor_costas,Dor_costas_VAS,0.9999
1125,Dor_costas,BPI_6_v1,0.980412948
1126,Dor_costas,Tempo_dor_costas,0.694225181
1127,Dor_costas,BPI_3_v1,0.437429401
1128,Dor_costas,BPI_5_v1,0.41563273
1129,Dor_costas,Dor_pernas_VAS,0.403336428
1130,Dor_costas,BPI_4_v1,0.382860132
1131,Dor_costas,QtCirColuna,0.351023058
1132,Dor_costas,BPI_9d_v1,0.282002972
1133,Dor_costas,BPI_9a_v1,0.239910537
1134,Dor_costas,BPI_9b_v1,0.220254126
1135,Dor_costas,Tempo_dor_pernas,0.218653474
1136,Dor_costas,BPI_9e_v1,0.174314507
1137,Dor_costas,BPI_9c_v1,0.162571463
1138,Dor_costas,BPI_9g_v1,0.162256655
1139,Dor_costas,BPI_9f_v1,0.161628958
1140,Dor_costas,IDADE,0.084859795
1141,Dor_costas,Trabalho_Cansativo,-0.026869827
1142,Dor_costas,Se_SP_haquantosanos,-0.200248788
1143,Dor_costas,BPI_8_v1,-0.202747747
1144,Dor_costas,Andar_velocidade,-0.395183278
1145,Dor_pernas,Se_SP_haquantosanos,0.708316065
1146,Dor_pernas,QtCirColuna,0.519767457
1147,Dor_pernas,Trabalho_Cansativo,-0.06400171
1148,Dor_pernas,Licenca_Tempo,0.029720311
1149,Dor_pernas,Tempo_dor_costas,0.313033675
1150,Dor_pernas,Tempo_dor_pernas,0.783017513
1151,Dor_pernas,Andar_velocidade,-0.471574958
1152,Dor_pernas,Dor_costas_VAS,0.48673037
1153,Dor_pernas,Dor_pernas_VAS,0.9999
1154,Dor_pernas,IDADE,0.183735789
1155,Dor_pernas,BPI_3_v1,0.375917997
1156,Dor_pernas,BPI_4_v1,0.414752347
1157,Dor_pernas,BPI_5_v1,0.418344462
1158,Dor_pernas,BPI_6_v1,0.461207682
1159,Dor_pernas,BPI_8_v1,-0.224914455
1160,Dor_pernas,BPI_9a_v1,0.349281201
1161,Dor_pernas,BPI_9b_v1,0.360645697
1162,Dor_pernas,BPI_9c_v1,0.278802574
1163,Dor_pernas,BPI_9d_v1,0.365410146
1164,Dor_pernas,BPI_9e_v1,0.371852129
1165,Dor_pernas,BPI_9f_v1,0.343544361
1166,Dor_pernas,BPI_9g_v1,0.266534894
1167,Fem,Se_SP_haquantosanos,0.189584862
1168,Fem,QtCirColuna,-0.210601319
1169,Fem,Trabalho_Cansativo,0.090343699
1170,Fem,Licenca_Tempo,0.9999
1171,Fem,Tempo_dor_costas,-0.177665578
1172,Fem,Tempo_dor_pernas,-0.087346661
1173,Fem,Andar_velocidade,-0.001454885
1174,Fem,Dor_costas_VAS,-0.229148471
1175,Fem,Dor_pernas_VAS,-0.014071672
1176,Fem,IDADE,-0.114204711
1177,Fem,BPI_3_v1,-0.07075539
1178,Fem,BPI_4_v1,-0.03409415
1179,Fem,BPI_5_v1,-0.049267492
1180,Fem,BPI_6_v1,-0.214187192
1181,Fem,BPI_8_v1,0.017552102
1182,Fem,BPI_9a_v1,-0.057598116
1183,Fem,BPI_9b_v1,-0.107164857
1184,Fem,BPI_9c_v1,-0.130096261
1185,Fem,BPI_9d_v1,-0.103380286
1186,Fem,BPI_9e_v1,-0.16732753
1187,Fem,BPI_9f_v1,-0.120186295
1188,Fem,BPI_9g_v1,-0.105436644
1189,Fuma,Se_SP_haquantosanos,-0.463069363
1190,Fuma,QtCirColuna,0.219080653
1191,Fuma,Trabalho_Cansativo,-0.037253375
1192,Fuma,Licenca_Tempo,0.304352302
1193,Fuma,Tempo_dor_costas,-0.189567427
1194,Fuma,Tempo_dor_pernas,-0.189297268
1195,Fuma,Andar_velocidade,0.090561386
1196,Fuma,Dor_costas_VAS,0.101878463
1197,Fuma,Dor_pernas_VAS,0.275285818
1198,Fuma,IDADE,0.030338952
1199,Fuma,BPI_3_v1,0.157338036
1200,Fuma,BPI_4_v1,0.092331257
1201,Fuma,BPI_5_v1,0.12263546
1202,Fuma,BPI_6_v1,-0.125797543
1203,Fuma,BPI_8_v1,-0.206128206
1204,Fuma,BPI_9a_v1,0.241653405
1205,Fuma,BPI_9b_v1,0.193111652
1206,Fuma,BPI_9c_v1,0.119557545
1207,Fuma,BPI_9d_v1,0.148159406
1208,Fuma,BPI_9e_v1,0.163879984
1209,Fuma,BPI_9f_v1,0.280499646
1210,Fuma,BPI_9g_v1,0.20000822
1211,Licenca_Medica,Se_SP_haquantosanos,-0.372251416
1212,Licenca_Medica,QtCirColuna,0.228458172
1213,Licenca_Medica,Trabalho_Cansativo,-0.312595801
1214,Licenca_Medica,Licenca_Tempo,0.648552344
1215,Licenca_Medica,Tempo_dor_costas,-0.076916324
1216,Licenca_Medica,Tempo_dor_pernas,0.123979184
1217,Licenca_Medica,Andar_velocidade,-0.046264307
1218,Licenca_Medica,Dor_costas_VAS,0.181709995
1219,Licenca_Medica,Dor_pernas_VAS,0.337853971
1220,Licenca_Medica,IDADE,-0.075949213
1221,Licenca_Medica,BPI_3_v1,0.200564093
1222,Licenca_Medica,BPI_4_v1,0.224992234
1223,Licenca_Medica,BPI_5_v1,0.123286564
1224,Licenca_Medica,BPI_6_v1,0.030583924
1225,Licenca_Medica,BPI_8_v1,0.253453653
1226,Licenca_Medica,BPI_9a_v1,0.353598477
1227,Licenca_Medica,BPI_9b_v1,0.320900748
1228,Licenca_Medica,BPI_9c_v1,0.285790534
1229,Licenca_Medica,BPI_9d_v1,0.253855406
1230,Licenca_Medica,BPI_9e_v1,0.265870005
1231,Licenca_Medica,BPI_9f_v1,0.242010901
1232,Licenca_Medica,BPI_9g_v1,0.190873001
1233,Livrar_costas,Se_SP_haquantosanos,-0.633346513
1234,Livrar_costas,QtCirColuna,-0.220824479
1235,Livrar_costas,Trabalho_Cansativo,-0.15314818
1236,Livrar_costas,Licenca_Tempo,NA
1237,Livrar_costas,Tempo_dor_costas,-0.028036512
1238,Livrar_costas,Tempo_dor_pernas,-0.365861037
1239,Livrar_costas,Andar_velocidade,0.174751782
1240,Livrar_costas,Dor_costas_VAS,0.247291365
1241,Livrar_costas,Dor_pernas_VAS,-0.602025888
1242,Livrar_costas,IDADE,-0.191749737
1243,Livrar_costas,BPI_3_v1,-0.160228782
1244,Livrar_costas,BPI_4_v1,-0.160500767
1245,Livrar_costas,BPI_5_v1,-0.146575209
1246,Livrar_costas,BPI_6_v1,0.195479121
1247,Livrar_costas,BPI_8_v1,0.028083745
1248,Livrar_costas,BPI_9a_v1,0.03956112
1249,Livrar_costas,BPI_9b_v1,-0.004520023
1250,Livrar_costas,BPI_9c_v1,0.027198823
1251,Livrar_costas,BPI_9d_v1,0.085143953
1252,Livrar_costas,BPI_9e_v1,-0.049047024
1253,Livrar_costas,BPI_9f_v1,-0.112216833
1254,Livrar_costas,BPI_9g_v1,0.004743606
1255,Livrar_perda_sens,Se_SP_haquantosanos,NA
1256,Livrar_perda_sens,QtCirColuna,-0.282135414
1257,Livrar_perda_sens,Trabalho_Cansativo,NA
1258,Livrar_perda_sens,Licenca_Tempo,NA
1259,Livrar_perda_sens,Tempo_dor_costas,NA
1260,Livrar_perda_sens,Tempo_dor_pernas,NA
1261,Livrar_perda_sens,Andar_velocidade,NA
1262,Livrar_perda_sens,Dor_costas_VAS,-0.184193635
1263,Livrar_perda_sens,Dor_pernas_VAS,-0.309606884
1264,Livrar_perda_sens,IDADE,-0.106549757
1265,Livrar_perda_sens,BPI_3_v1,0.232764511
1266,Livrar_perda_sens,BPI_4_v1,0.218695628
1267,Livrar_perda_sens,BPI_5_v1,0.313571459
1268,Livrar_perda_sens,BPI_6_v1,NA
1269,Livrar_perda_sens,BPI_8_v1,-0.083819952
1270,Livrar_perda_sens,BPI_9a_v1,-0.193140104
1271,Livrar_perda_sens,BPI_9b_v1,-0.12460928
1272,Livrar_perda_sens,BPI_9c_v1,-0.058176073
1273,Livrar_perda_sens,BPI_9d_v1,-0.158695734
1274,Livrar_perda_sens,BPI_9e_v1,-0.038241172
1275,Livrar_perda_sens,BPI_9f_v1,0.066852275
1276,Livrar_perda_sens,BPI_9g_v1,0.052260918
1277,Livrar_perna,Se_SP_haquantosanos,0.633346513
1278,Livrar_perna,QtCirColuna,0.419397452
1279,Livrar_perna,Trabalho_Cansativo,0.15314818
1280,Livrar_perna,Licenca_Tempo,NA
1281,Livrar_perna,Tempo_dor_costas,0.028036512
1282,Livrar_perna,Tempo_dor_pernas,0.365861037
1283,Livrar_perna,Andar_velocidade,-0.174751782
1284,Livrar_perna,Dor_costas_VAS,-0.23234649
1285,Livrar_perna,Dor_pernas_VAS,0.667877533
1286,Livrar_perna,IDADE,0.213632023
1287,Livrar_perna,BPI_3_v1,0.127380338
1288,Livrar_perna,BPI_4_v1,0.130625922
1289,Livrar_perna,BPI_5_v1,0.095447392
1290,Livrar_perna,BPI_6_v1,-0.195479121
1291,Livrar_perna,BPI_8_v1,-0.017543421
1292,Livrar_perna,BPI_9a_v1,-0.002879786
1293,Livrar_perna,BPI_9b_v1,0.031151986
1294,Livrar_perna,BPI_9c_v1,-0.017658731
1295,Livrar_perna,BPI_9d_v1,-0.060200983
1296,Livrar_perna,BPI_9e_v1,0.061925258
1297,Livrar_perna,BPI_9f_v1,0.109246843
1298,Livrar_perna,BPI_9g_v1,-0.016194164
1299,Masc,Se_SP_haquantosanos,-0.189584862
1300,Masc,QtCirColuna,0.210601319
1301,Masc,Trabalho_Cansativo,-0.090343699
1302,Masc,Licenca_Tempo,-0.9999
1303,Masc,Tempo_dor_costas,0.177665578
1304,Masc,Tempo_dor_pernas,0.087346661
1305,Masc,Andar_velocidade,0.001454885
1306,Masc,Dor_costas_VAS,0.229148471
1307,Masc,Dor_pernas_VAS,0.014071672
1308,Masc,IDADE,0.114204711
1309,Masc,BPI_3_v1,0.07075539
1310,Masc,BPI_4_v1,0.03409415
1311,Masc,BPI_5_v1,0.049267492
1312,Masc,BPI_6_v1,0.214187192
1313,Masc,BPI_8_v1,-0.017552102
1314,Masc,BPI_9a_v1,0.057598116
1315,Masc,BPI_9b_v1,0.107164857
1316,Masc,BPI_9c_v1,0.130096261
1317,Masc,BPI_9d_v1,0.103380286
1318,Masc,BPI_9e_v1,0.16732753
1319,Masc,BPI_9f_v1,0.120186295
1320,Masc,BPI_9g_v1,0.105436644
1321,OutraDoenca,Se_SP_haquantosanos,0.73138575
1322,OutraDoenca,QtCirColuna,0.052724945
1323,OutraDoenca,Trabalho_Cansativo,-0.225788598
1324,OutraDoenca,Licenca_Tempo,0.304352302
1325,OutraDoenca,Tempo_dor_costas,0.245061881
1326,OutraDoenca,Tempo_dor_pernas,0.17254212
1327,OutraDoenca,Andar_velocidade,-0.201339846
1328,OutraDoenca,Dor_costas_VAS,0.156734086
1329,OutraDoenca,Dor_pernas_VAS,0.108337944
1330,OutraDoenca,IDADE,0.438239655
1331,OutraDoenca,BPI_3_v1,0.184054562
1332,OutraDoenca,BPI_4_v1,0.122482616
1333,OutraDoenca,BPI_5_v1,0.207095271
1334,OutraDoenca,BPI_6_v1,0.176089751
1335,OutraDoenca,BPI_8_v1,-0.019534257
1336,OutraDoenca,BPI_9a_v1,0.134661887
1337,OutraDoenca,BPI_9b_v1,0.114053763
1338,OutraDoenca,BPI_9c_v1,0.225132429
1339,OutraDoenca,BPI_9d_v1,0.132750103
1340,OutraDoenca,BPI_9e_v1,0.106603573
1341,OutraDoenca,BPI_9f_v1,0.152838915
1342,OutraDoenca,BPI_9g_v1,0.090421146
1343,Retornar_trabalho,Se_SP_haquantosanos,0.501344297
1344,Retornar_trabalho,QtCirColuna,0.626308818
1345,Retornar_trabalho,Trabalho_Cansativo,-0.496861416
1346,Retornar_trabalho,Licenca_Tempo,0.870193356
1347,Retornar_trabalho,Tempo_dor_costas,0.266011382
1348,Retornar_trabalho,Tempo_dor_pernas,0.034804238
1349,Retornar_trabalho,Andar_velocidade,-0.38323097
1350,Retornar_trabalho,Dor_costas_VAS,0.261633337
1351,Retornar_trabalho,Dor_pernas_VAS,0.382547348
1352,Retornar_trabalho,IDADE,0.514937437
1353,Retornar_trabalho,BPI_3_v1,0.230534889
1354,Retornar_trabalho,BPI_4_v1,0.15754055
1355,Retornar_trabalho,BPI_5_v1,0.245746836
1356,Retornar_trabalho,BPI_6_v1,0.18385587
1357,Retornar_trabalho,BPI_8_v1,-0.091496626
1358,Retornar_trabalho,BPI_9a_v1,0.163886313
1359,Retornar_trabalho,BPI_9b_v1,0.069710943
1360,Retornar_trabalho,BPI_9c_v1,0.187713692
1361,Retornar_trabalho,BPI_9d_v1,0.235778779
1362,Retornar_trabalho,BPI_9e_v1,0.116326172
1363,Retornar_trabalho,BPI_9f_v1,0.24636719
1364,Retornar_trabalho,BPI_9g_v1,0.153860911
1365,Separado_Divorciado,Se_SP_haquantosanos,-0.219330271
1366,Separado_Divorciado,QtCirColuna,0.221961429
1367,Separado_Divorciado,Trabalho_Cansativo,-0.254429244
1368,Separado_Divorciado,Licenca_Tempo,NA
1369,Separado_Divorciado,Tempo_dor_costas,0.105742771
1370,Separado_Divorciado,Tempo_dor_pernas,-0.100755996
1371,Separado_Divorciado,Andar_velocidade,-0.100533942
1372,Separado_Divorciado,Dor_costas_VAS,0.155385213
1373,Separado_Divorciado,Dor_pernas_VAS,0.072355528
1374,Separado_Divorciado,IDADE,0.514432596
1375,Separado_Divorciado,BPI_3_v1,0.170310934
1376,Separado_Divorciado,BPI_4_v1,0.16074697
1377,Separado_Divorciado,BPI_5_v1,0.06681854
1378,Separado_Divorciado,BPI_6_v1,0.185908061
1379,Separado_Divorciado,BPI_8_v1,-0.169397052
1380,Separado_Divorciado,BPI_9a_v1,0.016058282
1381,Separado_Divorciado,BPI_9b_v1,0.021787494
1382,Separado_Divorciado,BPI_9c_v1,0.082314636
1383,Separado_Divorciado,BPI_9d_v1,0.024432021
1384,Separado_Divorciado,BPI_9e_v1,0.029806275
1385,Separado_Divorciado,BPI_9f_v1,0.08975293
1386,Separado_Divorciado,BPI_9g_v1,0.077183075
1387,Solteiro,Se_SP_haquantosanos,-0.154072759
1388,Solteiro,QtCirColuna,-0.037659068
1389,Solteiro,Trabalho_Cansativo,-0.14724067
1390,Solteiro,Licenca_Tempo,0.861889028
1391,Solteiro,Tempo_dor_costas,-0.117419535
1392,Solteiro,Tempo_dor_pernas,-0.031209404
1393,Solteiro,Andar_velocidade,0.142685306
1394,Solteiro,Dor_costas_VAS,-0.077176695
1395,Solteiro,Dor_pernas_VAS,0.067480538
1396,Solteiro,IDADE,0.007298957
1397,Solteiro,BPI_3_v1,-0.105707474
1398,Solteiro,BPI_4_v1,-0.074533042
1399,Solteiro,BPI_5_v1,-0.033374673
1400,Solteiro,BPI_6_v1,-0.057809649
1401,Solteiro,BPI_8_v1,0.086454946
1402,Solteiro,BPI_9a_v1,0.061081945
1403,Solteiro,BPI_9b_v1,0.043740426
1404,Solteiro,BPI_9c_v1,0.047814244
1405,Solteiro,BPI_9d_v1,0.052618942
1406,Solteiro,BPI_9e_v1,0.032717414
1407,Solteiro,BPI_9f_v1,0.04449843
1408,Solteiro,BPI_9g_v1,0.043908696
1409,X4,Se_SP_haquantosanos,-0.292577638
1410,X4,QtCirColuna,0.016383205
1411,X4,Trabalho_Cansativo,0.029009281
1412,X4,Licenca_Tempo,NA
1413,X4,Tempo_dor_costas,0.131444654
1414,X4,Tempo_dor_pernas,-0.109867137
1415,X4,Andar_velocidade,0.221034571
1416,X4,Dor_costas_VAS,0.083313314
1417,X4,Dor_pernas_VAS,0.051700534
1418,X4,IDADE,0.094052879
1419,X4,BPI_3_v1,0.342009256
1420,X4,BPI_4_v1,0.215923593
1421,X4,BPI_5_v1,0.343517951
1422,X4,BPI_6_v1,-0.492042113
1423,X4,BPI_8_v1,0.215189059
1424,X4,BPI_9a_v1,0.580885312
1425,X4,BPI_9b_v1,0.487340816
1426,X4,BPI_9c_v1,0.34118921
1427,X4,BPI_9d_v1,0.254566126
1428,X4,BPI_9e_v1,0.418497441
1429,X4,BPI_9f_v1,0.37056759
1430,X4,BPI_9g_v1,0.189636075
1431,X5,Se_SP_haquantosanos,NA
1432,X5,QtCirColuna,-0.111702056
1433,X5,Trabalho_Cansativo,-0.187279767
1434,X5,Licenca_Tempo,NA
1435,X5,Tempo_dor_costas,-0.5450436
1436,X5,Tempo_dor_pernas,-0.410911894
1437,X5,Andar_velocidade,0.558513029
1438,X5,Dor_costas_VAS,-0.415630466
1439,X5,Dor_pernas_VAS,-0.272117009
1440,X5,IDADE,0.194743049
1441,X5,BPI_3_v1,-0.057334785
1442,X5,BPI_4_v1,-0.110639723
1443,X5,BPI_5_v1,-0.127969952
1444,X5,BPI_6_v1,-0.4631895
1445,X5,BPI_8_v1,-0.110805499
1446,X5,BPI_9a_v1,0.032103091
1447,X5,BPI_9b_v1,0.076711356
1448,X5,BPI_9c_v1,0.10274827
1449,X5,BPI_9d_v1,0.056257976
1450,X5,BPI_9e_v1,0.083665366
1451,X5,BPI_9f_v1,0.052075099
1452,X5,BPI_9g_v1,0.072272584
1453,X6,Se_SP_haquantosanos,0.095113578
1454,X6,QtCirColuna,0.460426369
1455,X6,Trabalho_Cansativo,-0.151222962
1456,X6,Licenca_Tempo,NA
1457,X6,Tempo_dor_costas,0.045152571
1458,X6,Tempo_dor_pernas,-0.001257598
1459,X6,Andar_velocidade,-0.490720037
1460,X6,Dor_costas_VAS,0.141395443
1461,X6,Dor_pernas_VAS,0.180945447
1462,X6,IDADE,0.616876584
1463,X6,BPI_3_v1,0.093809501
1464,X6,BPI_4_v1,0.020669977
1465,X6,BPI_5_v1,0.10567584
1466,X6,BPI_6_v1,0.075819141
1467,X6,BPI_8_v1,-0.293445612
1468,X6,BPI_9a_v1,0.102697049
1469,X6,BPI_9b_v1,0.065532215
1470,X6,BPI_9c_v1,0.26488416
1471,X6,BPI_9d_v1,0.096874315
1472,X6,BPI_9e_v1,0.118751364
1473,X6,BPI_9f_v1,0.309404974
1474,X6,BPI_9g_v1,0.230356872
